,Seqname,CNHCA: NH- count composition of A,CNHCB: NH- count composition of B,CNHAB: NH- count transition between A and B,CNHA0: NH- count distribution of 0.00A,CNHA1: NH- count distribution of 0.25A,CNHA2: NH- count distribution of 0.50A,CNHA3: NH- count distribution of 0.75A,CNHA4: NH- count distribution of 1.00A,CNHB0: NH- count distribution of 0.00B,CNHB1: NH- count distribution of 0.25B,CNHB2: NH- count distribution of 0.50B,CNHB3: NH- count distribution of 0.75B,CNHB4: NH- count distribution of 1.00B,CNH: NH- count0,CNH: NH- count1,CNH: NH- count00,CNH: NH- count01,CNH: NH- count10,CNH: NH- count11,CNH: NH- count000,CNH: NH- count001,CNH: NH- count010,CNH: NH- count011,CNH: NH- count100,CNH: NH- count101,CNH: NH- count110,CNH: NH- count111
0,ENSMUST00000127786.4|ENSMUSG00000086503.5|OTTMUSG00000018295.5|OTTMUST00000044201.4|Xist-201|Xist|17946|lncRNA|,0.481415,0.51864,0.457702,0.000167,0.248983,0.4944,0.756924,1.000056,5.6e-05,0.250989,0.506158,0.742101,0.999944,481.388611,518.611389,252.535385,228.797501,228.853226,289.758148,126.15625,126.323418,98.684944,130.112564,126.379135,102.474091,130.168289,159.589874
1,ENSMUST00000185789.3|ENSMUSG00000101609.3|OTTMUSG00000046380.3|OTTMUST00000120849.3|Kcnq1ot1-201|Kcnq1ot1|93092|lncRNA|,0.492033,0.508001,0.464713,3.3e-05,0.261751,0.512234,0.759851,1.000033,6.7e-05,0.239783,0.488699,0.740683,0.999933,492.016388,507.983612,259.641998,232.34108,232.34108,275.642517,136.471222,123.137436,107.903595,124.437485,123.170769,109.170303,124.437485,151.205048
