,Seqname,nMFE,Base pairs,.,(,..,.(,(.,((,...,..(,.(.,.((,(..,(.(,((.,(((,....,...(,..(.,..((,.(..,.(.(,.((.,.(((,(...,(..(,(.(.,(.((,((..,((.(,(((.,((((
0,ENSMUST00000127786.4|ENSMUSG00000086503.5|OTTMUSG00000018295.5|OTTMUST00000044201.4|Xist-201|Xist|17946|lncRNA|,-0.27937,5465,0.641903,1.0,0.563983,0.217285,0.217285,1.0,0.530638,0.182561,0.010001,0.264826,0.182561,0.092267,0.264826,1.0,0.514259,0.178657,0.006072,0.232383,0.004416,0.008648,0.039742,0.306164,0.178657,0.059798,0.006992,0.113523,0.234039,0.111868,0.306164,1.0
1,ENSMUST00000185789.3|ENSMUSG00000101609.3|OTTMUSG00000046380.3|OTTMUST00000120849.3|Kcnq1ot1-201|Kcnq1ot1|93092|lncRNA|,-0.323931,9568,0.567673,1.0,0.476528,0.210679,0.210679,1.0,0.436192,0.160828,0.011097,0.252854,0.160748,0.103123,0.252854,1.0,0.410683,0.151363,0.005822,0.201409,0.005515,0.008784,0.037279,0.28853,0.151363,0.055765,0.008477,0.1244,0.201614,0.124094,0.28853,1.0
