,Seqname,nMFE,Base pairs,.,(,..,.(,(.,((,...,..(,.(.,.((,(..,(.(,((.,(((,....,...(,..(.,..((,.(..,.(.(,.((.,.(((,(...,(..(,(.(.,(.((,((..,((.(,(((.,((((
0,ENST00000415082.1,-0.314226,154,0.551948,1.0,0.441767,0.236948,0.236948,1.0,0.398964,0.170984,0.015544,0.290155,0.170984,0.129534,0.290155,1.0,0.368056,0.166667,0.006944,0.222222,0.006944,0.013889,0.048611,0.340278,0.166667,0.0625,0.013889,0.159722,0.222222,0.159722,0.340278,1.0
