,Seqname,nMFE,Base pairs,.,(,..,.(,(.,((,...,..(,.(.,.((,(..,(.(,((.,(((,....,...(,..(.,..((,.(..,.(.(,.((.,.(((,(...,(..(,(.(.,(.((,((..,((.(,(((.,((((
0,ENST00000524269.1,-0.166667,91,0.862637,1.0,0.827815,0.205298,0.205298,1.0,0.825,0.208333,0.0,0.258333,0.208333,0.05,0.258333,1.0,0.826087,0.23913,0.0,0.271739,0.0,0.0,0.032609,0.304348,0.23913,0.032609,0.0,0.065217,0.271739,0.065217,0.304348,1.0
