,Seqname,nMFE,Base pairs,.,(,..,.(,(.,((,...,..(,.(.,.((,(..,(.(,((.,(((,....,...(,..(.,..((,.(..,.(.(,.((.,.(((,(...,(..(,(.(.,(.((,((..,((.(,(((.,((((
0,ENST00000432987.1,-0.313649,111,0.617117,1.0,0.545946,0.194595,0.194595,1.0,0.5,0.182432,0.0,0.243243,0.182432,0.060811,0.243243,1.0,0.464912,0.184211,0.0,0.236842,0.0,0.0,0.026316,0.289474,0.184211,0.052632,0.0,0.078947,0.236842,0.078947,0.289474,1.0
