,Seqname,nMFE,Base pairs,.,(,..,.(,(.,((,...,..(,.(.,.((,(..,(.(,((.,(((,....,...(,..(.,..((,.(..,.(.(,.((.,.(((,(...,(..(,(.(.,(.((,((..,((.(,(((.,((((
0,ENST00000590491.1,-0.493033,584,0.462329,1.0,0.365927,0.177419,0.177419,1.0,0.329283,0.110571,0.008505,0.205346,0.110571,0.103281,0.205346,1.0,0.317507,0.083086,0.002967,0.132047,0.004451,0.005935,0.029674,0.221068,0.083086,0.051929,0.007418,0.118694,0.130564,0.120178,0.221068,1.0
