,Seqname,CNHCA: NH- count composition of A,CNHCB: NH- count composition of B,CNHAB: NH- count transition between A and B,CNHA0: NH- count distribution of 0.00A,CNHA1: NH- count distribution of 0.25A,CNHA2: NH- count distribution of 0.50A,CNHA3: NH- count distribution of 0.75A,CNHA4: NH- count distribution of 1.00A,CNHB0: NH- count distribution of 0.00B,CNHB1: NH- count distribution of 0.25B,CNHB2: NH- count distribution of 0.50B,CNHB3: NH- count distribution of 0.75B,CNHB4: NH- count distribution of 1.00B,CNH: NH- count0,CNH: NH- count1,CNH: NH- count00,CNH: NH- count01,CNH: NH- count10,CNH: NH- count11,CNH: NH- count000,CNH: NH- count001,CNH: NH- count010,CNH: NH- count011,CNH: NH- count100,CNH: NH- count101,CNH: NH- count110,CNH: NH- count111
0,ENST00000524269.1,0.576923,0.426036,0.489614,0.002959,0.215976,0.45858,0.730769,0.997041,0.005917,0.307692,0.538462,0.766272,1.002959,575.221252,424.778748,330.383484,244.837753,241.887909,179.94101,194.690262,135.693222,138.643066,106.194687,135.693222,106.194687,103.244835,73.746315
1,ENST00000518439.1,0.471774,0.530242,0.470707,0.004032,0.227823,0.489919,0.75,1.002016,0.002016,0.272177,0.512097,0.752016,1.0,470.824951,529.175049,235.412476,233.400406,235.412476,293.762573,108.651909,126.760567,108.651909,124.748489,126.760567,106.639839,124.748489,169.014084
