,Seqname,nMFE,Base pairs,.,(,..,.(,(.,((,...,..(,.(.,.((,(..,(.(,((.,(((,....,...(,..(.,..((,.(..,.(.(,.((.,.(((,(...,(..(,(.(.,(.((,((..,((.(,(((.,((((
0,ENST00000524269.1,-0.166667,91,0.862637,1.0,0.827815,0.205298,0.205298,1.0,0.825,0.208333,0.0,0.258333,0.208333,0.05,0.258333,1.0,0.826087,0.23913,0.0,0.271739,0.0,0.0,0.032609,0.304348,0.23913,0.032609,0.0,0.065217,0.271739,0.065217,0.304348,1.0
1,ENST00000518439.1,-0.271227,153,0.624183,1.0,0.538153,0.2249,0.228916,1.0,0.5,0.185567,0.010309,0.278351,0.190722,0.103093,0.283505,1.0,0.503401,0.14966,0.013605,0.231293,0.013605,0.0,0.054422,0.312925,0.156463,0.095238,0.0,0.136054,0.238095,0.136054,0.319728,1.0
