Seqname,FickS: Fickett score,SCCou: Stop codon count,SCFre: Stop codon frequency,SCCFS: Stop codon count frame score,SCFFS: Stop codon frequency frame score
ENST00000429829.6|ENSG00000229807.13|OTTHUMG00000021839.13|OTTHUMT00000057239.2|XIST-204|XIST|19245|,0.368,339.0,34.363709,259.0,2.660675
ENST00000597346.1|ENSG00000269821.1|OTTHUMG00000171022.2|OTTHUMT00000411275.2|KCNQ1OT1-201|KCNQ1OT1|91667|,0.4931,416.0,40.353275,931.0,8.760727000000001
ENSMUST00000127786.4|ENSMUSG00000086503.5|OTTMUSG00000018295.5|OTTMUST00000044201.4|Xist-201|Xist|17946|lncRNA|,0.368,285.0,29.095947999999996,2041.0,21.274971
ENSMUST00000185789.3|ENSMUSG00000101609.3|OTTMUSG00000046380.3|OTTMUST00000120849.3|Kcnq1ot1-201|Kcnq1ot1|93092|lncRNA|,0.4384,480.0,46.561471000000004,139.0,1.3085209999999998
