Seqname,EipSP: Electron-ion interaction pseudopotential signal peak,EipAP: Electron-ion interaction pseudopotential average power,EiSNR: Electron-ion interaction pseudopotential signal/noise ratio,EiPS0: Electron-ion interaction pseudopotential spectrum 0,EiPS1: Electron-ion interaction pseudopotential spectrum 0.25,EiPS2: Electron-ion interaction pseudopotential spectrum 0.5,EiPS3: Electron-ion interaction pseudopotential spectrum 0.75,EiPS4: Electron-ion interaction pseudopotential spectrum 1
ENST00000429829.6|ENSG00000229807.13|OTTHUMG00000021839.13|OTTHUMT00000057239.2|XIST-204|XIST|19245|,29.095728,290.846292,0.100038,18.469102,20.888405,24.097397,29.767212,111.912671
ENST00000597346.1|ENSG00000269821.1|OTTHUMG00000171022.2|OTTHUMT00000411275.2|KCNQ1OT1-201|KCNQ1OT1|91667|,21.682257999999997,433.494688,0.050017,33.947707,38.276422,44.676743,56.40976800000001,337.53297200000003
ENSMUST00000127786.4|ENSMUSG00000086503.5|OTTMUSG00000018295.5|OTTMUST00000044201.4|Xist-201|Xist|17946|lncRNA|,16.450232,270.81998,0.060742,16.842603,18.906831,22.028035,27.960821999999997,182.884431
ENSMUST00000185789.3|ENSMUSG00000101609.3|OTTMUSG00000046380.3|OTTMUST00000120849.3|Kcnq1ot1-201|Kcnq1ot1|93092|lncRNA|,37.110890000000005,439.103352,0.08451499999999999,32.336186,36.545882,42.275921000000004,52.859584,210.54526600000003
