Seqname,ProII: Pseudo protein instability index,ProPI: Pseudo protein isoelectric point,ProAH: Pseudo protein average hydropathy,ProMW: Pseudo protein molecular weight,PPMFS: Pseudo protein PI-MW frame score
ENST00000429829.6|ENSG00000229807.13|OTTHUMG00000021839.13|OTTHUMT00000057239.2|XIST-204|XIST|19245|,39.530882,9.116813,0.375735,14836.4494,3.211754
ENST00000597346.1|ENSG00000269821.1|OTTHUMG00000171022.2|OTTHUMT00000411275.2|KCNQ1OT1-201|KCNQ1OT1|91667|,40.932117,6.948305,-0.341606,14964.0894,3.3333730000000004
ENSMUST00000127786.4|ENSMUSG00000086503.5|OTTMUSG00000018295.5|OTTMUST00000044201.4|Xist-201|Xist|17946|lncRNA|,34.560522999999996,6.71231,2.066279,19735.4249,3.468522
ENSMUST00000185789.3|ENSMUSG00000101609.3|OTTMUSG00000046380.3|OTTMUST00000120849.3|Kcnq1ot1-201|Kcnq1ot1|93092|lncRNA|,42.721782,9.076133,0.718812,22091.7469,3.386508
