Seqname,nMFE,Base pairs,.,(,..,.(,(.,((,...,..(,.(.,.((,(..,(.(,((.,(((,....,...(,..(.,..((,.(..,.(.(,.((.,.(((,(...,(..(,(.(.,(.((,((..,((.(,(((.,((((
ENST00000429829.6|ENSG00000229807.13|OTTHUMG00000021839.13|OTTHUMT00000057239.2|XIST-204|XIST|19245|,-0.274029,5826,0.651648,1.0,0.5778310000000001,0.211604,0.211604,1.0,0.555614,0.171421,0.007851,0.25844,0.171421,0.09487000000000001,0.25844,1.0,0.555405,0.164941,0.00543,0.216867,0.0039030000000000002,0.006279,0.038350999999999996,0.296793,0.164941,0.057356,0.004751,0.11827599999999999,0.21839499999999998,0.116749,0.296793,1.0
ENST00000597346.1|ENSG00000269821.1|OTTHUMG00000171022.2|OTTHUMT00000411275.2|KCNQ1OT1-201|KCNQ1OT1|91667|,-0.357509,9675,0.5503359999999999,1.0,0.455029,0.21195,0.21188800000000002,1.0,0.412499,0.157886,0.012169,0.253513,0.157808,0.107796,0.25343499999999997,1.0,0.384693,0.14649700000000002,0.0054600000000000004,0.197857,0.005055,0.010616,0.038722,0.287736,0.146396,0.05681900000000001,0.010211,0.128602,0.19816,0.128197,0.287635,1.0
ENSMUST00000127786.4|ENSMUSG00000086503.5|OTTMUSG00000018295.5|OTTMUST00000044201.4|Xist-201|Xist|17946|lncRNA|,-0.27937,5465,0.641903,1.0,0.563983,0.21728499999999998,0.21728499999999998,1.0,0.530638,0.182561,0.010001000000000001,0.264826,0.182561,0.092267,0.264826,1.0,0.514259,0.17865699999999998,0.006072,0.232383,0.004416,0.008648000000000001,0.039742,0.306164,0.17865699999999998,0.059798000000000004,0.006992,0.113523,0.234039,0.11186800000000001,0.306164,1.0
ENSMUST00000185789.3|ENSMUSG00000101609.3|OTTMUSG00000046380.3|OTTMUST00000120849.3|Kcnq1ot1-201|Kcnq1ot1|93092|lncRNA|,-0.32393099999999997,9568,0.567673,1.0,0.47652799999999995,0.210679,0.210679,1.0,0.436192,0.160828,0.011097,0.252854,0.160748,0.103123,0.252854,1.0,0.410683,0.151363,0.005822,0.201409,0.005515,0.008784,0.037279,0.28853,0.151363,0.055764999999999995,0.008477,0.1244,0.20161400000000002,0.12409400000000001,0.28853,1.0
