,Seqname,nMFE,Base pairs,.,(,..,.(,(.,((,...,..(,.(.,.((,(..,(.(,((.,(((,....,...(,..(.,..((,.(..,.(.(,.((.,.(((,(...,(..(,(.(.,(.((,((..,((.(,(((.,((((
0,ENST00000609422.1,-0.224779,214,0.848131,1.0,0.813031,0.212465,0.212465,1.0,0.830389,0.180212,0.017668,0.24735,0.180212,0.084806,0.24735,1.0,0.889908,0.183486,0.004587,0.229358,0.004587,0.018349,0.022936,0.298165,0.188073,0.045872,0.018349,0.091743,0.229358,0.091743,0.298165,1.0
