,Seqname,CNHCA: NH- count composition of A,CNHCB: NH- count composition of B,CNHAB: NH- count transition between A and B,CNHA0: NH- count distribution of 0.00A,CNHA1: NH- count distribution of 0.25A,CNHA2: NH- count distribution of 0.50A,CNHA3: NH- count distribution of 0.75A,CNHA4: NH- count distribution of 1.00A,CNHB0: NH- count distribution of 0.00B,CNHB1: NH- count distribution of 0.25B,CNHB2: NH- count distribution of 0.50B,CNHB3: NH- count distribution of 0.75B,CNHB4: NH- count distribution of 1.00B,CNH: NH- count0,CNH: NH- count1,CNH: NH- count00,CNH: NH- count01,CNH: NH- count10,CNH: NH- count11,CNH: NH- count000,CNH: NH- count001,CNH: NH- count010,CNH: NH- count011,CNH: NH- count100,CNH: NH- count101,CNH: NH- count110,CNH: NH- count111
0,ENST00000590491.1,0.526655,0.473931,0.466002,0.000586,0.265378,0.519039,0.764499,1.0,0.001172,0.226714,0.479203,0.74048,1.000586,526.346619,473.653381,293.325531,233.021072,232.435593,240.632324,171.54567,121.779861,108.8993,123.536301,121.779861,110.655739,123.536301,117.096016
1,ENST00000586051.1,0.549171,0.451934,0.419248,0.001105,0.244199,0.502762,0.766851,0.998895,0.003315,0.256354,0.488398,0.735912,1.001105,548.565125,451.434875,338.852112,209.713028,208.609268,241.721848,210.816772,128.035324,94.922737,114.790283,126.931564,81.677704,113.686531,126.931564
