,Seqname,nMFE,Base pairs,.,(,..,.(,(.,((,...,..(,.(.,.((,(..,(.(,((.,(((,....,...(,..(.,..((,.(..,.(.(,.((.,.(((,(...,(..(,(.(.,(.((,((..,((.(,(((.,((((
0,ENST00000590491.1,-0.493033,584,0.462329,1.0,0.365927,0.177419,0.177419,1.0,0.329283,0.110571,0.008505,0.205346,0.110571,0.103281,0.205346,1.0,0.317507,0.083086,0.002967,0.132047,0.004451,0.005935,0.029674,0.221068,0.083086,0.051929,0.007418,0.118694,0.130564,0.120178,0.221068,1.0
1,ENST00000586051.1,-0.231898,266,0.703008,1.0,0.625592,0.260664,0.258294,1.0,0.60559,0.214286,0.031056,0.310559,0.21118,0.127329,0.307453,1.0,0.635593,0.190678,0.016949,0.275424,0.016949,0.025424,0.059322,0.364407,0.190678,0.097458,0.025424,0.148305,0.271186,0.148305,0.360169,1.0
