,Seqname,FickS: Fickett score,SCCou: Stop codon count,SCFre: Stop codon frequency,SCCFS: Stop codon count frame score,SCFFS: Stop codon frequency frame score
0,ENST00000429829.6|ENSG00000229807.13|OTTHUMG00000021839.13|OTTHUMT00000057239.2|XIST-204|XIST|19245|,0.368,339.0,34.363709,259.0,2.660675
1,ENST00000597346.1|ENSG00000269821.1|OTTHUMG00000171022.2|OTTHUMT00000411275.2|KCNQ1OT1-201|KCNQ1OT1|91667|,0.4931,416.0,40.353275,931.0,8.760727
