,Seqname,CNHCA: NH- count composition of A,CNHCB: NH- count composition of B,CNHAB: NH- count transition between A and B,CNHA0: NH- count distribution of 0.00A,CNHA1: NH- count distribution of 0.25A,CNHA2: NH- count distribution of 0.50A,CNHA3: NH- count distribution of 0.75A,CNHA4: NH- count distribution of 1.00A,CNHB0: NH- count distribution of 0.00B,CNHB1: NH- count distribution of 0.25B,CNHB2: NH- count distribution of 0.50B,CNHB3: NH- count distribution of 0.75B,CNHB4: NH- count distribution of 1.00B,CNH: NH- count0,CNH: NH- count1,CNH: NH- count00,CNH: NH- count01,CNH: NH- count10,CNH: NH- count11,CNH: NH- count000,CNH: NH- count001,CNH: NH- count010,CNH: NH- count011,CNH: NH- count100,CNH: NH- count101,CNH: NH- count110,CNH: NH- count111
0,ENST00000429829.6|ENSG00000229807.13|OTTHUMG00000021839.13|OTTHUMT00000057239.2|XIST-204|XIST|19245|,0.484619,0.515433,0.445928,0.000104,0.259146,0.500468,0.754729,1.000052,5.2e-05,0.24101,0.49948,0.745739,0.999844,484.593414,515.406616,261.626404,222.915039,222.96701,292.439606,137.542221,124.032219,95.713173,127.201874,124.084175,98.882828,127.201874,165.237717
1,ENST00000597346.1|ENSG00000269821.1|OTTHUMG00000171022.2|OTTHUMT00000411275.2|KCNQ1OT1-201|KCNQ1OT1|91667|,0.498267,0.501767,0.452312,3.3e-05,0.256084,0.507667,0.754384,1.000033,6.7e-05,0.244516,0.491366,0.746616,0.999867,498.249939,501.750061,272.075745,226.140869,226.140869,275.609192,147.371582,124.670822,100.536682,125.604187,124.704155,101.436714,125.604187,150.005005
