,Seqname,nMFE,Base pairs,.,(,..,.(,(.,((,...,..(,.(.,.((,(..,(.(,((.,(((,....,...(,..(.,..((,.(..,.(.(,.((.,.(((,(...,(..(,(.(.,(.((,((..,((.(,(((.,((((
0,ENST00000429829.6|ENSG00000229807.13|OTTHUMG00000021839.13|OTTHUMT00000057239.2|XIST-204|XIST|19245|,-0.274029,5826,0.651648,1.0,0.577831,0.211604,0.211604,1.0,0.555614,0.171421,0.007851,0.25844,0.171421,0.09487,0.25844,1.0,0.555405,0.164941,0.00543,0.216867,0.003903,0.006279,0.038351,0.296793,0.164941,0.057356,0.004751,0.118276,0.218395,0.116749,0.296793,1.0
1,ENST00000597346.1|ENSG00000269821.1|OTTHUMG00000171022.2|OTTHUMT00000411275.2|KCNQ1OT1-201|KCNQ1OT1|91667|,-0.357509,9675,0.550336,1.0,0.455029,0.21195,0.211888,1.0,0.412499,0.157886,0.012169,0.253513,0.157808,0.107796,0.253435,1.0,0.384693,0.146497,0.00546,0.197857,0.005055,0.010616,0.038722,0.287736,0.146396,0.056819,0.010211,0.128602,0.19816,0.128197,0.287635,1.0
