,Seqname,CNHCA: NH- count composition of A,CNHCB: NH- count composition of B,CNHAB: NH- count transition between A and B,CNHA0: NH- count distribution of 0.00A,CNHA1: NH- count distribution of 0.25A,CNHA2: NH- count distribution of 0.50A,CNHA3: NH- count distribution of 0.75A,CNHA4: NH- count distribution of 1.00A,CNHB0: NH- count distribution of 0.00B,CNHB1: NH- count distribution of 0.25B,CNHB2: NH- count distribution of 0.50B,CNHB3: NH- count distribution of 0.75B,CNHB4: NH- count distribution of 1.00B,CNH: NH- count0,CNH: NH- count1,CNH: NH- count00,CNH: NH- count01,CNH: NH- count10,CNH: NH- count11,CNH: NH- count000,CNH: NH- count001,CNH: NH- count010,CNH: NH- count011,CNH: NH- count100,CNH: NH- count101,CNH: NH- count110,CNH: NH- count111
0,ENST00000607720.1,0.512195,0.489837,0.454175,0.00813,0.24187,0.471545,0.743902,1.002033,0.002033,0.262195,0.528455,0.754065,0.997967,511.156189,488.843811,283.975647,225.15213,227.180527,261.6633,144.01622,137.93103,97.363083,127.789047,139.959427,87.221092,129.817444,131.84584
1,ENST00000432987.1,0.513966,0.488827,0.417367,0.002793,0.26257,0.539106,0.74581,1.0,0.011173,0.23743,0.444134,0.776536,1.002793,512.53479,487.465179,303.621155,208.913651,206.128128,278.551544,183.844009,119.777161,83.56546,122.562675,116.991646,89.13649,122.562675,155.988861
