,Seqname,nMFE,Base pairs,.,(,..,.(,(.,((,...,..(,.(.,.((,(..,(.(,((.,(((,....,...(,..(.,..((,.(..,.(.(,.((.,.(((,(...,(..(,(.(.,(.((,((..,((.(,(((.,((((
0,ENST00000607720.1,-0.397363,148,0.665541,1.0,0.60241,0.184739,0.188755,1.0,0.596059,0.137931,0.004926,0.221675,0.142857,0.08867,0.226601,1.0,0.603774,0.157233,0.0,0.176101,0.0,0.006289,0.012579,0.27044,0.157233,0.018868,0.006289,0.106918,0.18239,0.106918,0.27673,1.0
1,ENST00000432987.1,-0.313649,111,0.617117,1.0,0.545946,0.194595,0.194595,1.0,0.5,0.182432,0.0,0.243243,0.182432,0.060811,0.243243,1.0,0.464912,0.184211,0.0,0.236842,0.0,0.0,0.026316,0.289474,0.184211,0.052632,0.0,0.078947,0.236842,0.078947,0.289474,1.0
