,Seqname,nMFE,Base pairs,.,(,..,.(,(.,((,...,..(,.(.,.((,(..,(.(,((.,(((,....,...(,..(.,..((,.(..,.(.(,.((.,.(((,(...,(..(,(.(.,(.((,((..,((.(,(((.,((((
0,ENST00000586051.1,-0.231898,266,0.703008,1.0,0.625592,0.260664,0.258294,1.0,0.60559,0.214286,0.031056,0.310559,0.21118,0.127329,0.307453,1.0,0.635593,0.190678,0.016949,0.275424,0.016949,0.025424,0.059322,0.364407,0.190678,0.097458,0.025424,0.148305,0.271186,0.148305,0.360169,1.0
