,Seqname,nMFE,Base pairs,.,(,..,.(,(.,((,...,..(,.(.,.((,(..,(.(,((.,(((,....,...(,..(.,..((,.(..,.(.(,.((.,.(((,(...,(..(,(.(.,(.((,((..,((.(,(((.,((((
0,ENST00000595301.1,-0.338364,179,0.536313,1.0,0.443333,0.193333,0.193333,1.0,0.42562,0.119835,0.0,0.239669,0.119835,0.119835,0.239669,1.0,0.413613,0.120419,0.0,0.151832,0.0,0.0,0.036649,0.267016,0.120419,0.031414,0.0,0.151832,0.151832,0.151832,0.267016,1.0
