,Seqname,nMFE,Base pairs,.,(,..,.(,(.,((,...,..(,.(.,.((,(..,(.(,((.,(((,....,...(,..(.,..((,.(..,.(.(,.((.,.(((,(...,(..(,(.(.,(.((,((..,((.(,(((.,((((
0,ENST00000518439.1,-0.271227,153,0.624183,1.0,0.538153,0.2249,0.228916,1.0,0.5,0.185567,0.010309,0.278351,0.190722,0.103093,0.283505,1.0,0.503401,0.14966,0.013605,0.231293,0.013605,0.0,0.054422,0.312925,0.156463,0.095238,0.0,0.136054,0.238095,0.136054,0.319728,1.0
