,Seqname,nMFE,Base pairs,.,(,..,.(,(.,((,...,..(,.(.,.((,(..,(.(,((.,(((,....,...(,..(.,..((,.(..,.(.(,.((.,.(((,(...,(..(,(.(.,(.((,((..,((.(,(((.,((((
0,ENST00000413096.1,-0.300185,147,0.836735,1.0,0.793103,0.267241,0.262931,1.0,0.854651,0.215116,0.011628,0.348837,0.209302,0.145349,0.343023,1.0,0.983471,0.231405,0.0,0.305785,0.0,0.016529,0.07438,0.421488,0.231405,0.066116,0.016529,0.190083,0.297521,0.190083,0.413223,1.0
